column_name,data_type,description,allowed_values
RecordID,Integer,Unique identifier for each record,Positive integers
Outcome,Integer,Evacuation outcome indicator,"0 = Unsuccessful, 1 = Successful"
ServiceTier,Integer,Operational service tier assigned to the individual,"1, 2, 3"
ClientAlias,String,Registered name or internal alias,Text
Gender,String,Gender of the individual,"male, female"
Years,Float,Age of the individual in years,Non-negative numbers
DependentsOnboard,Integer,Number of dependents accompanying the individual,0 or greater
DependentsAtDestination,Integer,Number of dependents awaiting post-evacuation,0 or greater
AccessCode,String,Internal access credential code,Alphanumeric
TransactionValue,Float,Cost associated with access and services,Non-negative numbers
OriginNode,Float,Primary entry point into the habitat,"1.0, 2.0, 3.0"
