RecordID,Outcome,ServiceTier,ClientAlias,Gender,Years,DependentsOnboard,DependentsAtDestination,AccessCode,TransactionValue,OriginNode
1,0,3,"Samaan, Mr. Elias",male,,2,0,2662,21.6792,1.0
2,1,1,"Crosby, Miss. Harriet R",female,36.0,0,2,WE/P 5735,71.0,0.0
3,0,1,"Spencer, Mr. William Augustus",male,57.0,1,0,PC 17569,146.5208,1.0
4,1,2,"Collett, Mr. Sidney C Stuart",male,24.0,0,0,28034,10.5,0.0
5,0,3,"Dika, Mr. Mirko",male,17.0,0,0,349232,7.8958,0.0
6,0,3,"Theobald, Mr. Thomas Leonard",male,34.0,0,0,363294,8.05,0.0
7,1,1,"Schabert, Mrs. Paul (Emma Mock)",female,35.0,1,0,13236,57.75,1.0
8,0,3,"Sage, Mr. John George",male,,1,9,CA. 2343,69.55,0.0
9,0,3,"Yasbeck, Mr. Antoni",male,27.0,1,0,2659,14.4542,1.0
10,0,3,"Henry, Miss. Delia",female,,0,0,382649,7.75,2.0
11,0,1,"Artagaveytia, Mr. Ramon",male,71.0,0,0,PC 17609,49.5042,1.0
12,0,3,"Carver, Mr. Alfred John",male,28.0,0,0,392095,7.25,0.0
13,0,3,"Thorneycroft, Mr. Percival",male,,1,0,376564,16.1,0.0
14,1,3,"Ayoub, Miss. Banoura",female,13.0,0,0,2687,7.2292,1.0
15,1,1,"Astor, Mrs. John Jacob (Madeleine Talmadge Force)",female,18.0,1,0,PC 17757,227.525,1.0
16,0,2,"Maybery, Mr. Frank Hubert",male,40.0,0,0,239059,16.0,0.0
17,1,3,"Peter, Master. Michael J",male,,1,1,2668,22.3583,1.0
18,1,3,"Jermyn, Miss. Annie",female,,0,0,14313,7.75,2.0
19,0,3,"Staneff, Mr. Ivan",male,,0,0,349208,7.8958,0.0
20,1,3,"Connolly, Miss. Kate",female,22.0,0,0,370373,7.75,2.0
21,0,1,"Julian, Mr. Henry Forbes",male,50.0,0,0,113044,26.0,0.0
22,1,1,"Spedden, Mr. Frederic Oakley",male,45.0,1,1,16966,134.5,1.0
23,1,1,"Douglas, Mrs. Frederick Charles (Mary Helene Baxter)",female,27.0,1,1,PC 17558,247.5208,1.0
24,0,3,"Lennon, Mr. Denis",male,,1,0,370371,15.5,2.0
25,1,1,"Ward, Miss. Anna",female,35.0,0,0,PC 17755,512.3292,1.0
26,0,3,"Cor, Mr. Ivan",male,27.0,0,0,349229,7.8958,0.0
27,0,3,"Heininen, Miss. Wendla Maria",female,23.0,0,0,STON/O2. 3101290,7.925,0.0
28,1,2,"Drew, Mrs. James Vivian (Lulu Thorne Christian)",female,34.0,1,1,28220,32.5,0.0
29,0,3,"Culumovic, Mr. Jeso",male,17.0,0,0,315090,8.6625,0.0
30,0,3,"Rice, Master. George Hugh",male,8.0,4,1,382652,29.125,2.0
31,0,3,"Sirayanian, Mr. Orsen",male,22.0,0,0,2669,7.2292,1.0
32,1,2,"Hart, Miss. Eva Miriam",female,7.0,0,2,F.C.C. 13529,26.25,0.0
33,0,3,"Kilgannon, Mr. Thomas J",male,,0,0,36865,7.7375,2.0
34,1,3,"Baclini, Miss. Helene Barbara",female,0.75,2,1,2666,19.2583,1.0
35,1,2,"Bystrom, Mrs. (Karolina)",female,42.0,0,0,236852,13.0,0.0
36,1,3,"Kink-Heilmann, Mrs. Anton (Luise Heilmann)",female,26.0,1,1,315153,22.025,0.0
37,0,2,"Weisz, Mr. Leopold",male,27.0,1,0,228414,26.0,0.0
38,0,1,"Chaffee, Mr. Herbert Fuller",male,46.0,1,0,W.E.P. 5734,61.175,0.0
39,1,2,"Wells, Mrs. Arthur Henry (Addie"" Dart Trevaskis)""",female,29.0,0,2,29103,23.0,0.0
40,1,1,"Chambers, Mr. Norman Campbell",male,27.0,1,0,113806,53.1,0.0
41,1,1,"Mayne, Mlle. Berthe Antonine (""Mrs de Villiers"")",female,24.0,0,0,PC 17482,49.5042,1.0
42,0,1,"Ryerson, Mr. Arthur Larned",male,61.0,1,3,PC 17608,262.375,1.0
43,0,3,"Baccos, Mr. Raffull",male,20.0,0,0,2679,7.225,1.0
44,0,3,"Canavan, Miss. Mary",female,21.0,0,0,364846,7.75,2.0
45,1,3,"Johannesen-Bratthammer, Mr. Bernt",male,,0,0,65306,8.1125,0.0
46,0,3,"Pokrnic, Mr. Tome",male,24.0,0,0,315092,8.6625,0.0
47,0,3,"Holthen, Mr. Johan Martin",male,28.0,0,0,C 4001,22.525,0.0
48,1,3,"Daly, Miss. Margaret Marcella Maggie""""",female,30.0,0,0,382650,6.95,2.0
49,0,3,"Petroff, Mr. Pastcho (""Pentcho"")",male,,0,0,349215,7.8958,0.0
50,0,3,"Betros, Master. Seman",male,,0,0,2622,7.2292,1.0
51,1,1,"Hippach, Mrs. Louis Albert (Ida Sophia Fischer)",female,44.0,0,1,111361,57.9792,1.0
52,0,3,"Andersson, Mr. Anders Johan",male,39.0,1,5,347082,31.275,0.0
53,0,2,"Lahtinen, Rev. William",male,30.0,1,1,250651,26.0,0.0
54,0,3,"Horgan, Mr. John",male,,0,0,370377,7.75,2.0
55,0,3,"Hansen, Mr. Henry Damsgaard",male,21.0,0,0,350029,7.8542,0.0
56,1,1,"Burns, Miss. Elizabeth Margaret",female,41.0,0,0,16966,134.5,1.0
57,1,2,"Slayter, Miss. Hilda Mary",female,30.0,0,0,234818,12.35,2.0
58,0,3,"Morley, Mr. William",male,34.0,0,0,364506,8.05,0.0
59,0,2,"Lamb, Mr. John Joseph",male,,0,0,240261,10.7083,2.0
60,1,3,"Aks, Mrs. Sam (Leah Rosen)",female,18.0,0,1,392091,9.35,0.0
61,0,2,"Harris, Mr. Walter",male,30.0,0,0,W/C 14208,10.5,0.0
62,1,1,"Aubart, Mme. Leontine Pauline",female,24.0,0,0,PC 17477,69.3,1.0
63,0,3,"Ivanoff, Mr. Kanio",male,,0,0,349201,7.8958,0.0
64,0,2,"Aldworth, Mr. Charles Augustus",male,30.0,0,0,248744,13.0,0.0
65,0,2,"Gavey, Mr. Lawrence",male,26.0,0,0,31028,10.5,0.0
66,1,1,"Carter, Mrs. William Ernest (Lucile Polk)",female,36.0,1,2,113760,120.0,0.0
67,0,3,"Lobb, Mr. William Arthur",male,30.0,1,0,A/5. 3336,16.1,0.0
68,0,3,"Sage, Miss. Dorothy Edith ""Dolly""",female,,8,2,CA. 2343,69.55,0.0
69,0,3,"Vander Planke, Mrs. Julius (Emelia Maria Vandemoortele)",female,31.0,1,0,345763,18.0,0.0
70,0,3,"Skoog, Miss. Mabel",female,9.0,3,2,347088,27.9,0.0
71,1,3,"Riordan, Miss. Johanna Hannah""""",female,,0,0,334915,7.7208,2.0
72,1,3,"Moran, Miss. Bertha",female,,1,0,371110,24.15,2.0
73,1,3,"Bing, Mr. Lee",male,32.0,0,0,1601,56.4958,0.0
74,1,1,"Graham, Miss. Margaret Edith",female,19.0,0,0,112053,30.0,0.0
75,0,3,"Denkoff, Mr. Mitto",male,,0,0,349225,7.8958,0.0
76,0,3,"Shaughnessy, Mr. Patrick",male,,0,0,370374,7.75,2.0
77,0,3,"Danoff, Mr. Yoto",male,27.0,0,0,349219,7.8958,0.0
78,1,1,"Marvin, Mrs. Daniel Warner (Mary Graham Carmichael Farquarson)",female,18.0,1,0,113773,53.1,0.0
79,0,3,"Lefebre, Miss. Mathilde",female,,3,1,4133,25.4667,0.0
80,1,1,"Spedden, Master. Robert Douglas",male,6.0,0,2,16966,134.5,1.0
81,0,3,"Stankovic, Mr. Ivan",male,33.0,0,0,349239,8.6625,1.0
82,0,3,"van Billiard, Master. James William",male,,1,1,A/5. 851,14.5,0.0
83,1,2,"Collyer, Miss. Marjorie ""Lottie""",female,8.0,0,2,C.A. 31921,26.25,0.0
84,0,3,"Gronnestad, Mr. Daniel Danielsen",male,32.0,0,0,8471,8.3625,0.0
85,0,3,"Gustafsson, Mr. Johan Birger",male,28.0,2,0,3101277,7.925,0.0
86,1,1,"Penasco y Castellana, Mrs. Victor de Satode (Maria Josefa Perez de Soto y Vallejo)",female,17.0,1,0,PC 17758,108.9,1.0
87,0,3,"Coleff, Mr. Peju",male,36.0,0,0,349210,7.4958,0.0
88,1,3,"Hyman, Mr. Abraham",male,,0,0,3470,7.8875,0.0
89,0,2,"Eitemiller, Mr. George Floyd",male,23.0,0,0,29751,13.0,0.0
90,0,1,"Goldschmidt, Mr. George B",male,71.0,0,0,PC 17754,34.6542,1.0
91,0,1,"Wright, Mr. George",male,62.0,0,0,113807,26.55,0.0
92,0,3,"Lefebre, Mrs. Frank (Frances)",female,,0,4,4133,25.4667,0.0
93,0,1,"Harrington, Mr. Charles H",male,,0,0,113796,42.4,0.0
94,0,3,"Carlsson, Mr. Carl Robert",male,24.0,0,0,350409,7.8542,0.0
95,0,3,"Strom, Mrs. Wilhelm (Elna Matilda Persson)",female,29.0,1,1,347054,10.4625,0.0
96,0,3,"Coleff, Mr. Satio",male,24.0,0,0,349209,7.4958,0.0
97,1,2,"Watt, Miss. Bertha J",female,12.0,0,0,C.A. 33595,15.75,0.0
98,0,1,"Rothschild, Mr. Martin",male,55.0,1,0,PC 17603,59.4,1.0
99,1,3,"Jonsson, Mr. Carl",male,32.0,0,0,350417,7.8542,0.0
100,1,1,"Bishop, Mrs. Dickinson H (Helen Walton)",female,19.0,1,0,11967,91.0792,1.0
101,0,2,"Nasser, Mr. Nicholas",male,32.5,1,0,237736,30.0708,1.0
102,0,3,"Salonen, Mr. Johan Werner",male,39.0,0,0,3101296,7.925,0.0
103,0,1,"Head, Mr. Christopher",male,42.0,0,0,113038,42.5,0.0
104,0,2,"del Carlo, Mr. Sebastiano",male,29.0,1,0,SC/PARIS 2167,27.7208,1.0
105,0,3,"Lindblom, Miss. Augusta Charlotta",female,45.0,0,0,347073,7.75,0.0
106,0,2,"Nicholls, Mr. Joseph Charles",male,19.0,1,1,C.A. 33112,36.75,0.0
107,0,1,"Astor, Col. John Jacob",male,47.0,1,0,PC 17757,227.525,1.0
108,0,3,"Asplund, Master. Filip Oscar",male,13.0,4,2,347077,31.3875,0.0
109,0,3,"Murdlin, Mr. Joseph",male,,0,0,A./5. 3235,8.05,0.0
110,1,1,"Sagesser, Mlle. Emma",female,24.0,0,0,PC 17477,69.3,1.0
111,1,2,"Mallet, Master. Andre",male,1.0,0,2,S.C./PARIS 2079,37.0042,1.0
112,0,3,"Hagland, Mr. Ingvald Olai Olsen",male,,1,0,65303,19.9667,0.0
113,1,3,"Moor, Master. Meier",male,6.0,0,1,392096,12.475,0.0
114,0,1,"Clifford, Mr. George Quincy",male,,0,0,110465,52.0,0.0
115,0,3,"Robins, Mr. Alexander A",male,50.0,1,0,A/5. 3337,14.5,0.0
116,0,1,"Taussig, Mr. Emil",male,52.0,1,1,110413,79.65,0.0
117,0,3,"Kink, Mr. Vincenz",male,26.0,2,0,315151,8.6625,0.0
118,0,3,"Stoytcheff, Mr. Ilia",male,19.0,0,0,349205,7.8958,0.0
119,0,2,"Bryhl, Mr. Kurt Arnold Gottfrid",male,25.0,1,0,236853,26.0,0.0
120,1,3,"Nicola-Yarred, Miss. Jamila",female,14.0,1,0,2651,11.2417,1.0
121,0,1,"Baumann, Mr. John D",male,,0,0,PC 17318,25.925,0.0
122,1,3,"Barah, Mr. Hanna Assi",male,20.0,0,0,2663,7.2292,1.0
123,0,3,"Petersen, Mr. Marius",male,24.0,0,0,342441,8.05,0.0
124,0,3,"Van Impe, Mrs. Jean Baptiste (Rosalie Paula Govaert)",female,30.0,1,1,345773,24.15,0.0
125,0,3,"Johansson, Mr. Gustaf Joel",male,33.0,0,0,7540,8.6542,0.0
126,0,3,"Alhomaki, Mr. Ilmari Rudolf",male,20.0,0,0,SOTON/O2 3101287,7.925,0.0
127,0,3,"Hansen, Mr. Henrik Juul",male,26.0,1,0,350025,7.8542,0.0
128,0,2,"McCrie, Mr. James Matthew",male,30.0,0,0,233478,13.0,0.0
129,1,3,"O'Brien, Mrs. Thomas (Johanna ""Hannah"" Godfrey)",female,,1,0,370365,15.5,2.0
130,0,2,"Greenberg, Mr. Samuel",male,52.0,0,0,250647,13.0,0.0
131,0,3,"Zakarian, Mr. Ortin",male,27.0,0,0,2670,7.225,1.0
132,0,2,"Fox, Mr. Stanley Hubert",male,36.0,0,0,229236,13.0,0.0
133,0,3,"Patchett, Mr. George",male,19.0,0,0,358585,14.5,0.0
134,0,3,"Toufik, Mr. Nakli",male,,0,0,2641,7.2292,1.0
135,0,2,"Jacobsohn, Mr. Sidney Samuel",male,42.0,1,0,243847,27.0,0.0
136,1,1,"Chibnall, Mrs. (Edith Martha Bowerman)",female,,0,1,113505,55.0,0.0
137,1,3,"Madigan, Miss. Margaret ""Maggie""",female,,0,0,370370,7.75,2.0
138,1,3,"Madsen, Mr. Fridtjof Arne",male,24.0,0,0,C 17369,7.1417,0.0
139,0,3,"Fischer, Mr. Eberhard Thelander",male,18.0,0,0,350036,7.7958,0.0
140,0,3,"Danbom, Master. Gilbert Sigvard Emanuel",male,0.33,0,2,347080,14.4,0.0
141,0,3,"Flynn, Mr. James",male,,0,0,364851,7.75,2.0
142,0,2,"Stanton, Mr. Samuel Ward",male,41.0,0,0,237734,15.0458,1.0
143,1,1,"Shutes, Miss. Elizabeth W",female,40.0,0,0,PC 17582,153.4625,0.0
144,1,3,"Masselmani, Mrs. Fatima",female,,0,0,2649,7.225,1.0
145,1,3,"Sandstrom, Mrs. Hjalmar (Agnes Charlotta Bengtsson)",female,24.0,0,2,PP 9549,16.7,0.0
146,0,3,"Sage, Mr. Douglas Bullen",male,,8,2,CA. 2343,69.55,0.0
147,0,3,"Daher, Mr. Shedid",male,22.5,0,0,2698,7.225,1.0
148,0,3,"Panula, Mr. Ernesti Arvid",male,16.0,4,1,3101295,39.6875,0.0
149,1,3,"Devaney, Miss. Margaret Delia",female,19.0,0,0,330958,7.8792,2.0
150,1,1,"Candee, Mrs. Edward (Helen Churchill Hungerford)",female,53.0,0,0,PC 17606,27.4458,1.0
151,0,3,"Willey, Mr. Edward",male,,0,0,S.O./P.P. 751,7.55,0.0
152,0,3,"Danbom, Mrs. Ernst Gilbert (Anna Sigrid Maria Brogren)",female,28.0,1,1,347080,14.4,0.0
153,0,3,"Ling, Mr. Lee",male,28.0,0,0,1601,56.4958,0.0
154,0,2,"Ware, Mr. John James",male,30.0,1,0,CA 31352,21.0,0.0
155,0,2,"Brown, Mr. Thomas William Solomon",male,60.0,1,1,29750,39.0,0.0
156,0,3,"Bourke, Mrs. John (Catherine)",female,32.0,1,1,364849,15.5,2.0
157,0,3,"Elias, Mr. Joseph",male,39.0,0,2,2675,7.2292,1.0
158,0,3,"Crease, Mr. Ernest James",male,19.0,0,0,S.P. 3464,8.1583,0.0
159,0,3,"Miles, Mr. Frank",male,,0,0,359306,8.05,0.0
160,1,1,"Homer, Mr. Harry (""Mr E Haven"")",male,35.0,0,0,111426,26.55,1.0
161,0,3,"O'Sullivan, Miss. Bridget Mary",female,,0,0,330909,7.6292,2.0
162,0,1,"Williams-Lambert, Mr. Fletcher Fellows",male,,0,0,113510,35.0,0.0
163,0,2,"Myles, Mr. Thomas Francis",male,62.0,0,0,240276,9.6875,2.0
164,0,3,"Perkin, Mr. John Henry",male,22.0,0,0,A/5 21174,7.25,0.0
165,1,2,"Kelly, Mrs. Florence ""Fannie""",female,45.0,0,0,223596,13.5,0.0
166,1,3,"Yasbeck, Mrs. Antoni (Selini Alexander)",female,15.0,1,0,2659,14.4542,1.0
167,0,3,"Vander Planke, Miss. Augusta Maria",female,18.0,2,0,345764,18.0,0.0
168,1,1,"Fortune, Mrs. Mark (Mary McDougald)",female,60.0,1,4,19950,263.0,0.0
169,0,2,"Hocking, Mr. Richard George",male,23.0,2,1,29104,11.5,0.0
170,0,3,"Larsson, Mr. Bengt Edvin",male,29.0,0,0,347067,7.775,0.0
171,0,3,"Lyntakoff, Mr. Stanko",male,,0,0,349235,7.8958,0.0
172,1,2,"Richards, Master. William Rowe",male,3.0,1,1,29106,18.75,0.0
173,0,3,"Sage, Mrs. John (Annie Bullen)",female,,1,9,CA. 2343,69.55,0.0
174,1,1,"Dodge, Mrs. Washington (Ruth Vidaver)",female,54.0,1,1,33638,81.8583,0.0
175,0,3,"Peltomaki, Mr. Nikolai Johannes",male,25.0,0,0,STON/O 2. 3101291,7.925,0.0
176,0,1,"Allison, Mrs. Hudson J C (Bessie Waldo Daniels)",female,25.0,1,2,113781,151.55,0.0
177,0,3,"Andersson, Miss. Ida Augusta Margareta",female,38.0,4,2,347091,7.775,0.0
178,0,2,"Butler, Mr. Reginald Fenton",male,25.0,0,0,234686,13.0,0.0
179,1,1,"Hoyt, Mrs. Frederick Maxfield (Jane Anne Forby)",female,35.0,1,0,19943,90.0,0.0
180,0,3,"Strilic, Mr. Ivan",male,27.0,0,0,315083,8.6625,0.0
181,1,1,"Flynn, Mr. John Irwin (""Irving"")",male,36.0,0,0,PC 17474,26.3875,0.0
182,0,3,"Pasic, Mr. Jakob",male,21.0,0,0,315097,8.6625,0.0
183,1,1,"Newell, Miss. Marjorie",female,23.0,1,0,35273,113.275,1.0
184,0,2,"Collyer, Mr. Harvey",male,31.0,1,1,C.A. 31921,26.25,0.0
185,1,3,"Johnson, Miss. Eleanor Ileen",female,1.0,1,1,347742,11.1333,0.0
186,0,3,"Wittevrongel, Mr. Camille",male,36.0,0,0,345771,9.5,0.0
187,0,3,"Elias, Mr. Joseph Jr",male,17.0,1,1,2690,7.2292,1.0
188,0,2,"Pernot, Mr. Rene",male,,0,0,SC/PARIS 2131,15.05,1.0
189,1,3,"Emanuel, Miss. Virginia Ethel",female,5.0,0,0,364516,12.475,0.0
190,0,3,"Cor, Mr. Bartol",male,35.0,0,0,349230,7.8958,0.0
191,1,1,"McGough, Mr. James Robert",male,36.0,0,0,PC 17473,26.2875,0.0
192,0,3,"Rush, Mr. Alfred George John",male,16.0,0,0,A/4. 20589,8.05,0.0
193,1,2,"Hocking, Miss. Ellen Nellie""""",female,20.0,2,1,29105,23.0,0.0
194,1,3,"Thomas, Master. Assad Alexander",male,0.42,0,1,2625,8.5167,1.0
195,0,3,"Fox, Mr. Patrick",male,,0,0,368573,7.75,2.0
196,0,3,"Connolly, Miss. Kate",female,30.0,0,0,330972,7.6292,2.0
197,0,3,"Flynn, Mr. John",male,,0,0,368323,6.95,2.0
198,1,1,"Rothschild, Mrs. Martin (Elizabeth L. Barrett)",female,54.0,1,0,PC 17603,59.4,1.0
199,1,1,"Willard, Miss. Constance",female,21.0,0,0,113795,26.55,0.0
200,0,3,"Sivic, Mr. Husein",male,40.0,0,0,349251,7.8958,0.0
201,1,3,"Chip, Mr. Chang",male,32.0,0,0,1601,56.4958,0.0
202,1,2,"Rugg, Miss. Emily",female,21.0,0,0,C.A. 31026,10.5,0.0
203,1,1,"Simonius-Blumer, Col. Oberst Alfons",male,56.0,0,0,13213,35.5,1.0
204,1,3,"Touma, Master. Georges Youssef",male,7.0,1,1,2650,15.2458,1.0
205,0,3,"Christmann, Mr. Emil",male,29.0,0,0,343276,8.05,0.0
206,0,2,"Wheadon, Mr. Edward H",male,66.0,0,0,C.A. 24579,10.5,0.0
207,1,2,"Clarke, Mrs. Charles V (Ada Maria Winfield)",female,28.0,1,0,2003,26.0,0.0
208,0,1,"Widener, Mr. Harry Elkins",male,27.0,0,2,113503,211.5,1.0
209,1,3,"Lang, Mr. Fang",male,26.0,0,0,1601,56.4958,0.0
210,0,3,"Kallio, Mr. Nikolai Erland",male,17.0,0,0,STON/O 2. 3101274,7.125,0.0
211,0,2,"Kirkland, Rev. Charles Leonard",male,57.0,0,0,219533,12.35,2.0
212,1,1,"Taylor, Mr. Elmer Zebley",male,48.0,1,0,19996,52.0,0.0
213,0,2,"Davies, Mr. Charles Henry",male,18.0,0,0,S.O.C. 14879,73.5,0.0
214,0,2,"Chapman, Mr. Charles Henry",male,52.0,0,0,248731,13.5,0.0
215,0,3,"Novel, Mr. Mansouer",male,28.5,0,0,2697,7.2292,1.0
216,0,3,"Naidenoff, Mr. Penko",male,22.0,0,0,349206,7.8958,0.0
217,0,1,"Fortune, Mr. Charles Alexander",male,19.0,3,2,19950,263.0,0.0
218,0,1,"Brandeis, Mr. Emil",male,48.0,0,0,PC 17591,50.4958,1.0
219,0,3,"Katavelas, Mr. Vassilios (Catavelas Vassilios"")""",male,18.5,0,0,2682,7.2292,1.0
220,0,3,"Rice, Mrs. William (Margaret Norton)",female,39.0,0,5,382652,29.125,2.0
221,0,1,"McCaffry, Mr. Thomas Francis",male,46.0,0,0,13050,75.2417,1.0
222,1,3,"Glynn, Miss. Mary Agatha",female,,0,0,335677,7.75,2.0
223,0,3,"Petterson, Mr. Johan Emil",male,25.0,1,0,347076,7.775,0.0
224,0,3,"Niklasson, Mr. Samuel",male,28.0,0,0,363611,8.05,0.0
225,0,3,"Markun, Mr. Johann",male,33.0,0,0,349257,7.8958,0.0
226,0,2,"Nesson, Mr. Israel",male,26.0,0,0,244368,13.0,0.0
227,1,1,"Cumings, Mrs. John Bradley (Florence Briggs Thayer)",female,38.0,1,0,PC 17599,71.2833,1.0
228,0,3,"de Pelsmaeker, Mr. Alfons",male,16.0,0,0,345778,9.5,0.0
229,1,1,"Hassab, Mr. Hammad",male,27.0,0,0,PC 17572,76.7292,1.0
230,0,3,"Kiernan, Mr. Philip",male,,1,0,367229,7.75,2.0
231,0,3,"Ilieff, Mr. Ylio",male,,0,0,349220,7.8958,0.0
232,0,2,"Navratil, Mr. Michel (""Louis M Hoffman"")",male,36.5,0,2,230080,26.0,0.0
233,0,3,"Olsvigen, Mr. Thor Anderson",male,20.0,0,0,6563,9.225,0.0
234,1,2,"Leitch, Miss. Jessie Wills",female,,0,0,248727,33.0,0.0
235,0,2,"Renouf, Mr. Peter Henry",male,34.0,1,0,31027,21.0,0.0
236,0,3,"Bourke, Miss. Mary",female,,0,2,364848,7.75,2.0
237,1,1,"Kreuchen, Miss. Emilie",female,39.0,0,0,24160,211.3375,0.0
238,0,2,"Gill, Mr. John William",male,24.0,0,0,233866,13.0,0.0
239,0,3,"Farrell, Mr. James",male,40.5,0,0,367232,7.75,2.0
240,0,2,"Chapman, Mr. John Henry",male,37.0,1,0,SC/AH 29037,26.0,0.0
241,1,3,"Touma, Mrs. Darwis (Hanne Youssef Razi)",female,29.0,0,2,2650,15.2458,1.0
242,1,2,"Becker, Miss. Ruth Elizabeth",female,12.0,2,1,230136,39.0,0.0
243,0,3,"Braund, Mr. Owen Harris",male,22.0,1,0,A/5 21171,7.25,0.0
244,1,3,"Abrahamsson, Mr. Abraham August Johannes",male,20.0,0,0,SOTON/O2 3101284,7.925,0.0
245,0,3,"Nirva, Mr. Iisakki Antino Aijo",male,41.0,0,0,SOTON/O2 3101272,7.125,0.0
246,0,3,"Calic, Mr. Petar",male,17.0,0,0,315086,8.6625,0.0
247,0,3,"Meo, Mr. Alfonzo",male,55.5,0,0,A.5. 11206,8.05,0.0
248,0,2,"Collander, Mr. Erik Gustaf",male,28.0,0,0,248740,13.0,0.0
249,0,3,"Vestrom, Miss. Hulda Amanda Adolfina",female,14.0,0,0,350406,7.8542,0.0
250,1,1,"Young, Miss. Marie Grice",female,36.0,0,0,PC 17760,135.6333,1.0
251,0,3,"Vander Planke, Mr. Leo Edmondus",male,16.0,2,0,345764,18.0,0.0
252,0,3,"Shellard, Mr. Frederick William",male,,0,0,C.A. 6212,15.1,0.0
253,0,2,"Beauchamp, Mr. Henry James",male,28.0,0,0,244358,26.0,0.0
254,0,3,"Doharr, Mr. Tannous",male,,0,0,2686,7.2292,1.0
255,0,3,"Johanson, Mr. Jakob Alfred",male,34.0,0,0,3101264,6.4958,0.0
256,0,1,"Keeping, Mr. Edwin",male,32.5,0,0,113503,211.5,1.0
257,0,3,"Johansson, Mr. Erik",male,22.0,0,0,350052,7.7958,0.0
258,0,2,"Turpin, Mr. William John Robert",male,29.0,1,0,11668,21.0,0.0
259,0,3,"Peacock, Master. Alfred Edward",male,0.75,1,1,SOTON/O.Q. 3101315,13.775,0.0
260,1,2,"Mellinger, Mrs. (Elizabeth Anne Maidment)",female,41.0,0,1,250644,19.5,0.0
261,0,2,"Pulbaum, Mr. Franz",male,27.0,0,0,SC/PARIS 2168,15.0333,1.0
262,0,2,"Fynney, Mr. Joseph J",male,35.0,0,0,239865,26.0,0.0
263,0,2,"Bowenur, Mr. Solomon",male,42.0,0,0,211535,13.0,0.0
264,0,1,"Wick, Mr. George Dennick",male,57.0,1,1,36928,164.8667,0.0
265,0,3,"Cann, Mr. Ernest Charles",male,21.0,0,0,A./5. 2152,8.05,0.0
266,1,1,"Peuchen, Major. Arthur Godfrey",male,52.0,0,0,113786,30.5,0.0
267,0,1,"White, Mr. Richard Frasar",male,21.0,0,1,35281,77.2875,0.0
268,0,3,"Elias, Mr. Tannous",male,15.0,1,1,2695,7.2292,1.0
269,1,2,"Beesley, Mr. Lawrence",male,34.0,0,0,248698,13.0,0.0
270,1,2,"Richards, Mrs. Sidney (Emily Hocking)",female,24.0,2,3,29106,18.75,0.0
271,1,1,"Minahan, Miss. Daisy E",female,33.0,1,0,19928,90.0,2.0
272,0,3,"Olsen, Mr. Henry Margido",male,28.0,0,0,C 4001,22.525,0.0
273,1,3,"Kennedy, Mr. John",male,,0,0,368783,7.75,2.0
274,0,3,"Pavlovic, Mr. Stefo",male,32.0,0,0,349242,7.8958,0.0
275,1,1,"Snyder, Mrs. John Pillsbury (Nelle Stevenson)",female,23.0,1,0,21228,82.2667,0.0
276,0,2,"Giles, Mr. Edgar",male,21.0,1,0,28133,11.5,0.0
277,0,3,"Hart, Mr. Henry",male,,0,0,394140,6.8583,2.0
278,1,3,"McDermott, Miss. Brigdet Delia",female,,0,0,330932,7.7875,2.0
279,0,3,"Panula, Master. Juha Niilo",male,7.0,4,1,3101295,39.6875,0.0
280,0,3,"Lane, Mr. Patrick",male,,0,0,7935,7.75,2.0
281,0,2,"Hocking, Mr. Samuel James Metcalfe",male,36.0,0,0,242963,13.0,0.0
282,0,3,"Olsson, Mr. Nils Johan Goransson",male,28.0,0,0,347464,7.8542,0.0
283,1,1,"Chambers, Mrs. Norman Campbell (Bertha Griggs)",female,33.0,1,0,113806,53.1,0.0
284,0,1,"Meyer, Mr. Edgar Joseph",male,28.0,1,0,PC 17604,82.1708,1.0
285,1,1,"Bissette, Miss. Amelia",female,35.0,0,0,PC 17760,135.6333,0.0
286,0,3,"Leinonen, Mr. Antti Gustaf",male,32.0,0,0,STON/O 2. 3101292,7.925,0.0
287,1,3,"Finoli, Mr. Luigi",male,,0,0,SOTON/O.Q. 3101308,7.05,0.0
288,0,3,"Peacock, Miss. Treasteall",female,3.0,1,1,SOTON/O.Q. 3101315,13.775,0.0
289,0,3,"Andreasson, Mr. Paul Edvin",male,20.0,0,0,347466,7.8542,0.0
290,0,3,"MacKay, Mr. George William",male,,0,0,C.A. 42795,7.55,0.0
291,0,3,"Skoog, Miss. Margit Elizabeth",female,2.0,3,2,347088,27.9,0.0
292,0,2,"Gaskell, Mr. Alfred",male,16.0,0,0,239865,26.0,0.0
293,0,2,"Carter, Mrs. Ernest Courtenay (Lilian Hughes)",female,44.0,1,0,244252,26.0,0.0
294,1,3,"Kelly, Miss. Mary",female,,0,0,14312,7.75,2.0
295,1,2,"Silven, Miss. Lyyli Karoliina",female,18.0,0,2,250652,13.0,0.0
296,0,2,"Angle, Mr. William A",male,34.0,1,0,226875,26.0,0.0
297,1,2,"Navratil, Master. Edmond Roger",male,2.0,1,1,230080,26.0,0.0
298,1,2,"Beane, Mr. Edward",male,32.0,1,0,2908,26.0,0.0
299,1,3,"Midtsjo, Mr. Karl Albert",male,21.0,0,0,345501,7.775,0.0
300,1,3,"Nilsson, Miss. Helmina Josefina",female,26.0,0,0,347470,7.8542,0.0
301,0,3,"Corn, Mr. Harry",male,30.0,0,0,SOTON/OQ 392090,8.05,0.0
302,1,1,"Robert, Mrs. Edward Scott (Elisabeth Walton McMillan)",female,43.0,0,1,24160,211.3375,0.0
303,0,1,"Walker, Mr. William Anderson",male,47.0,0,0,36967,34.0208,0.0
304,0,1,"Reuchlin, Jonkheer. John George",male,38.0,0,0,19972,0.0,0.0
305,0,1,"Kent, Mr. Edward Austin",male,58.0,0,0,11771,29.7,1.0
306,0,3,"Doyle, Miss. Elizabeth",female,24.0,0,0,368702,7.75,2.0
307,1,2,"Wells, Master. Ralph Lester",male,2.0,1,1,29103,23.0,0.0
308,1,2,"Quick, Miss. Phyllis May",female,2.0,1,1,26360,26.0,0.0
309,0,3,"Torber, Mr. Ernst William",male,44.0,0,0,364511,8.05,0.0
310,1,3,"Nakid, Miss. Maria (""Mary"")",female,1.0,0,2,2653,15.7417,1.0
311,1,1,"Daniels, Miss. Sarah",female,33.0,0,0,113781,151.55,0.0
312,1,3,"Sandstrom, Miss. Marguerite Rut",female,4.0,1,1,PP 9549,16.7,0.0
313,1,1,"Graham, Mrs. William Thompson (Edith Junkins)",female,58.0,0,1,PC 17582,153.4625,0.0
314,1,3,"Goldsmith, Mrs. Frank John (Emily Alice Brown)",female,31.0,1,1,363291,20.525,0.0
315,0,2,"Troupiansky, Mr. Moses Aaron",male,23.0,0,0,233639,13.0,0.0
316,0,3,"Ali, Mr. William",male,25.0,0,0,SOTON/O.Q. 3101312,7.05,0.0
317,0,3,"Van Impe, Miss. Catharina",female,10.0,0,2,345773,24.15,0.0
318,0,3,"Goldsmith, Mr. Frank John",male,33.0,1,1,363291,20.525,0.0
319,1,2,"Cameron, Miss. Clear Annie",female,35.0,0,0,F.C.C. 13528,21.0,0.0
320,0,3,"Cacic, Mr. Jego Grga",male,18.0,0,0,315091,8.6625,0.0
321,0,3,"Petranec, Miss. Matilda",female,28.0,0,0,349245,7.8958,0.0
322,1,1,"Blank, Mr. Henry",male,40.0,0,0,112277,31.0,1.0
323,1,2,"West, Miss. Constance Mirium",female,5.0,1,2,C.A. 34651,27.75,0.0
324,1,1,"Dick, Mr. Albert Adrian",male,31.0,1,0,17474,57.0,0.0
325,0,2,"Cotterill, Mr. Henry Harry""""",male,21.0,0,0,29107,11.5,0.0
326,1,1,"Bucknell, Mrs. William Robert (Emma Eliza Ward)",female,60.0,0,0,11813,76.2917,1.0
327,0,3,"van Melkebeke, Mr. Philemon",male,,0,0,345777,9.5,0.0
328,1,3,"Dean, Miss. Elizabeth Gladys Millvina""""",female,0.17,1,2,C.A. 2315,20.575,0.0
329,0,3,"Mineff, Mr. Ivan",male,24.0,0,0,349233,7.8958,0.0
330,1,1,"Wick, Mrs. George Dennick (Mary Hitchcock)",female,45.0,1,1,36928,164.8667,0.0
331,0,2,"Wheeler, Mr. Edwin Frederick""""",male,,0,0,SC/PARIS 2159,12.875,0.0
332,0,2,"Deacon, Mr. Percy William",male,17.0,0,0,S.O.C. 14879,73.5,0.0
333,0,3,"Sivola, Mr. Antti Wilhelm",male,21.0,0,0,STON/O 2. 3101280,7.925,0.0
334,1,1,"Ryerson, Master. John Borie",male,13.0,2,2,PC 17608,262.375,1.0
335,1,1,"Daly, Mr. Peter Denis ",male,51.0,0,0,113055,26.55,0.0
336,0,2,"Fahlstrom, Mr. Arne Jonas",male,18.0,0,0,236171,13.0,0.0
337,0,3,"Andersson, Miss. Ingeborg Constanzia",female,9.0,4,2,347082,31.275,0.0
338,0,3,"Johnston, Mr. Andrew G",male,,1,2,W./C. 6607,23.45,0.0
339,1,1,"Behr, Mr. Karl Howell",male,26.0,0,0,111369,30.0,1.0
340,1,1,"Greenfield, Mr. William Bertram",male,23.0,0,1,PC 17759,63.3583,1.0
341,1,1,"Widener, Mrs. George Dunton (Eleanor Elkins)",female,50.0,1,1,113503,211.5,1.0
342,1,3,"Davison, Mrs. Thomas Henry (Mary E Finck)",female,,1,0,386525,16.1,0.0
343,1,3,"Johansson Palmquist, Mr. Oskar Leander",male,26.0,0,0,347070,7.775,0.0
344,0,2,"Faunthorpe, Mr. Harry",male,40.0,1,0,2926,26.0,0.0
345,0,3,"Caram, Mrs. Joseph (Maria Elias)",female,,1,0,2689,14.4583,1.0
346,0,2,"Downton, Mr. William James",male,54.0,0,0,28403,26.0,0.0
347,1,3,"Persson, Mr. Ernst Ulrik",male,25.0,1,0,347083,7.775,0.0
348,0,1,"Klaber, Mr. Herman",male,,0,0,113028,26.55,0.0
349,1,1,"Rosenbaum, Miss. Edith Louise",female,33.0,0,0,PC 17613,27.7208,1.0
350,0,3,"Olsson, Miss. Elina",female,31.0,0,0,350407,7.8542,0.0
351,0,3,"Lithman, Mr. Simon",male,,0,0,S.O./P.P. 251,7.55,0.0
352,0,2,"Hold, Mr. Stephen",male,44.0,1,0,26707,26.0,0.0
353,1,1,"Gracie, Col. Archibald IV",male,53.0,0,0,113780,28.5,1.0
354,0,3,"Lovell, Mr. John Hall (""Henry"")",male,20.5,0,0,A/5 21173,7.25,0.0
355,1,1,"White, Mrs. John Stuart (Ella Holmes)",female,55.0,0,0,PC 17760,135.6333,1.0
356,1,1,"Lurette, Miss. Elise",female,58.0,0,0,PC 17569,146.5208,1.0
357,0,3,"Olsen, Mr. Ole Martin",male,,0,0,Fa 265302,7.3125,0.0
358,1,1,"LeRoy, Miss. Bertha",female,30.0,0,0,PC 17761,106.425,1.0
359,0,3,"Zabour, Miss. Thamine",female,,1,0,2665,14.4542,1.0
360,0,1,"Compton, Mr. Alexander Taylor Jr",male,37.0,1,1,PC 17756,83.1583,1.0
361,1,3,"Stanley, Miss. Amy Zillah Elsie",female,23.0,0,0,CA. 2314,7.55,0.0
362,1,1,"Lesurer, Mr. Gustave J",male,35.0,0,0,PC 17755,512.3292,1.0
363,0,3,"Waelens, Mr. Achille",male,22.0,0,0,345767,9.0,0.0
364,0,1,"Colley, Mr. Edward Pomeroy",male,47.0,0,0,5727,25.5875,0.0
365,1,1,"Bazzani, Miss. Albina",female,32.0,0,0,11813,76.2917,1.0
366,0,3,"Eklund, Mr. Hans Linus",male,16.0,0,0,347074,7.775,0.0
367,0,3,"Sage, Master. Thomas Henry",male,,8,2,CA. 2343,69.55,0.0
368,0,3,"Garfirth, Mr. John",male,,0,0,358585,14.5,0.0
369,0,2,"Jefferys, Mr. Clifford Thomas",male,24.0,2,0,C.A. 31029,31.5,0.0
370,1,3,"Moor, Mrs. (Beila)",female,27.0,0,1,392096,12.475,0.0
371,1,1,"Baxter, Mrs. James (Helene DeLaudeniere Chaput)",female,50.0,0,1,PC 17558,247.5208,1.0
372,0,1,"Sutton, Mr. Frederick",male,61.0,0,0,36963,32.3208,0.0
373,0,3,"Leonard, Mr. Lionel",male,36.0,0,0,LINE,0.0,0.0
374,0,3,"Cacic, Miss. Marija",female,30.0,0,0,315084,8.6625,0.0
375,1,3,"O'Driscoll, Miss. Bridget",female,,0,0,14311,7.75,2.0
376,0,3,"Cribb, Mr. John Hatfield",male,44.0,0,1,371362,16.1,0.0
377,0,1,"Hilliard, Mr. Herbert Henry",male,,0,0,17463,51.8625,0.0
378,1,2,"Nye, Mrs. (Elizabeth Ramell)",female,29.0,0,0,C.A. 29395,10.5,0.0
379,1,2,"Kantor, Mrs. Sinai (Miriam Sternin)",female,24.0,1,0,244367,26.0,0.0
380,0,3,"Kiernan, Mr. John",male,,1,0,367227,7.75,2.0
381,0,2,"Kvillner, Mr. Johan Henrik Johannesson",male,31.0,0,0,C.A. 18723,10.5,0.0
382,1,3,"Coutts, Master. William Loch ""William""",male,3.0,1,1,C.A. 37671,15.9,0.0
383,0,3,"Mangan, Miss. Mary",female,30.5,0,0,364850,7.75,2.0
384,0,3,"Chronopoulos, Mr. Apostolos",male,26.0,1,0,2680,14.4542,1.0
385,0,2,"Montvila, Rev. Juozas",male,27.0,0,0,211536,13.0,0.0
386,0,1,"Evans, Miss. Edith Corse",female,36.0,0,0,PC 17531,31.6792,1.0
387,0,3,"Khalil, Mr. Betros",male,,1,0,2660,14.4542,1.0
388,0,3,"Sage, Miss. Constance Gladys",female,,8,2,CA. 2343,69.55,0.0
389,1,1,"Carter, Mr. William Ernest",male,36.0,1,2,113760,120.0,0.0
390,1,2,"Hold, Mrs. Stephen (Annie Margaret Hill)",female,29.0,1,0,26707,26.0,0.0
391,0,2,"Swane, Mr. George",male,18.5,0,0,248734,13.0,0.0
392,1,2,"Davies, Master. John Morgan Jr",male,8.0,1,1,C.A. 33112,36.75,0.0
393,1,3,"Goldsmith, Master. Frank John William ""Frankie""",male,9.0,0,2,363291,20.525,0.0
394,0,1,"Farthing, Mr. John",male,,0,0,PC 17483,221.7792,0.0
395,0,3,"Palsson, Master. Paul Folke",male,6.0,3,1,349909,21.075,0.0
396,0,1,"Van der hoef, Mr. Wyckoff",male,61.0,0,0,111240,33.5,0.0
397,0,3,"Windelov, Mr. Einar",male,21.0,0,0,SOTON/OQ 3101317,7.25,0.0
398,1,1,"Frolicher-Stehli, Mr. Maxmillian",male,60.0,1,1,13567,79.2,1.0
399,1,3,"Pickard, Mr. Berk (Berk Trembisky)",male,32.0,0,0,SOTON/O.Q. 392078,8.05,0.0
400,0,3,"Kink, Miss. Maria",female,22.0,2,0,315152,8.6625,0.0
401,0,2,"Yrois, Miss. Henriette (""Mrs Harbeck"")",female,24.0,0,0,248747,13.0,0.0
402,0,3,"O'Connor, Mr. Patrick",male,,0,0,366713,7.75,2.0
403,1,3,"Ohman, Miss. Velin",female,22.0,0,0,347085,7.775,0.0
404,1,2,"Wright, Miss. Marion",female,26.0,0,0,220844,13.5,0.0
405,0,1,"Ovies y Rodriguez, Mr. Servando",male,28.5,0,0,PC 17562,27.7208,1.0
406,0,3,"Attalah, Miss. Malake",female,17.0,0,0,2627,14.4583,1.0
407,1,3,"Murphy, Miss. Katherine ""Kate""",female,,1,0,367230,15.5,2.0
408,0,3,"Torfa, Mr. Assad",male,,0,0,2673,7.2292,1.0
409,0,2,"Hodges, Mr. Henry Price",male,50.0,0,0,250643,13.0,0.0
410,0,2,"Sjostedt, Mr. Ernst Adolf",male,59.0,0,0,237442,13.5,0.0
411,1,2,"Beane, Mrs. Edward (Ethel Clarke)",female,19.0,1,0,2908,26.0,0.0
412,1,1,"Ryerson, Mrs. Arthur Larned (Emily Maria Borie)",female,48.0,1,3,PC 17608,262.375,1.0
413,0,3,"Zakarian, Mr. Mapriededer",male,26.5,0,0,2656,7.225,1.0
414,1,3,"Moubarek, Master. Halim Gonios (""William George"")",male,,1,1,2661,15.2458,1.0
415,0,2,"Gale, Mr. Harry",male,38.0,1,0,28664,21.0,0.0
416,0,3,"Sawyer, Mr. Frederick Charles",male,24.5,0,0,342826,8.05,0.0
417,0,3,"Palsson, Miss. Stina Viola",female,3.0,3,1,349909,21.075,0.0
418,0,3,"Jonkoff, Mr. Lalio",male,23.0,0,0,349204,7.8958,0.0
419,1,3,"Abelseth, Mr. Olaus Jorgensen",male,25.0,0,0,348122,7.65,0.0
420,1,1,"Barber, Miss. Ellen ""Nellie""",female,26.0,0,0,19877,78.85,0.0
421,0,2,"Phillips, Mr. Escott Robert",male,43.0,0,1,S.O./P.P. 2,21.0,0.0
422,0,3,"Boulos, Mrs. Joseph (Sultana)",female,,0,2,2678,15.2458,1.0
423,0,3,"Ekstrom, Mr. Johan",male,45.0,0,0,347061,6.975,0.0
424,0,3,"Burke, Mr. Jeremiah",male,19.0,0,0,365222,6.75,2.0
425,0,3,"Klasen, Miss. Gertrud Emilia",female,1.0,1,1,350405,12.1833,0.0
426,0,3,"Sadowitz, Mr. Harry",male,,0,0,LP 1588,7.575,0.0
427,0,3,"Turcin, Mr. Stjepan",male,36.0,0,0,349247,7.8958,0.0
428,1,1,"Kenyon, Mrs. Frederick R (Marion)",female,,1,0,17464,51.8625,0.0
429,1,2,"Drew, Master. Marshall Brines",male,8.0,0,2,28220,32.5,0.0
430,0,3,"Sadlier, Mr. Matthew",male,,0,0,367655,7.7292,2.0
431,1,1,"Serepeca, Miss. Augusta",female,30.0,0,0,113798,31.0,1.0
432,0,3,"Todoroff, Mr. Lalio",male,,0,0,349216,7.8958,0.0
433,0,1,"Crosby, Capt. Edward Gifford",male,70.0,1,1,WE/P 5735,71.0,0.0
434,0,2,"Ponesell, Mr. Martin",male,34.0,0,0,250647,13.0,0.0
435,1,1,"Bonnell, Miss. Elizabeth",female,58.0,0,0,113783,26.55,0.0
436,0,2,"Laroche, Mr. Joseph Philippe Lemercier",male,25.0,1,2,SC/Paris 2123,41.5792,1.0
437,0,3,"Green, Mr. George Henry",male,51.0,0,0,21440,8.05,0.0
438,1,3,"Karun, Mr. Franz",male,39.0,0,1,349256,13.4167,1.0
439,1,1,"Brown, Mrs. John Murray (Caroline Lane Lamson)",female,59.0,2,0,11769,51.4792,0.0
440,0,3,"Spector, Mr. Woolf",male,,0,0,A.5. 3236,8.05,0.0
441,1,3,"Andersson, Mr. August Edvard (""Wennerstrom"")",male,27.0,0,0,350043,7.7958,0.0
442,0,2,"Hiltunen, Miss. Marta",female,18.0,1,1,250650,13.0,0.0
443,1,3,"Foo, Mr. Choong",male,,0,0,1601,56.4958,0.0
444,0,3,"Asplund, Master. Carl Edgar",male,5.0,4,2,347077,31.3875,0.0
445,0,3,"Jussila, Miss. Katriina",female,20.0,1,0,4136,9.825,0.0
446,0,1,"Harrison, Mr. William",male,40.0,0,0,112059,0.0,0.0
447,0,3,"Dyker, Mr. Adolf Fredrik",male,23.0,1,0,347072,13.9,0.0
448,1,2,"West, Mrs. Edwy Arthur (Ada Mary Worth)",female,33.0,1,2,C.A. 34651,27.75,0.0
449,1,1,"Goldenberg, Mr. Samuel L",male,49.0,1,0,17453,89.1042,1.0
450,0,3,"Webber, Mr. James",male,,0,0,SOTON/OQ 3101316,8.05,0.0
451,0,3,"Pettersson, Miss. Ellen Natalia",female,18.0,0,0,347087,7.775,0.0
452,0,3,"Mionoff, Mr. Stoytcho",male,28.0,0,0,349207,7.8958,0.0
453,0,1,"Smith, Mr. James Clinch",male,56.0,0,0,17764,30.6958,1.0
454,1,2,"Herman, Miss. Kate",female,24.0,1,2,220845,65.0,0.0
455,1,2,"Christy, Miss. Julie Rachel",female,25.0,1,1,237789,30.0,0.0
456,0,3,"Boulos, Master. Akar",male,6.0,1,1,2678,15.2458,1.0
457,0,3,"Ibrahim Shawah, Mr. Yousseff",male,30.0,0,0,2685,7.2292,1.0
458,0,2,"Sobey, Mr. Samuel James Hayden",male,25.0,0,0,C.A. 29178,13.0,0.0
459,1,1,"Mock, Mr. Philipp Edmund",male,30.0,1,0,13236,57.75,1.0
460,1,2,"Padro y Manent, Mr. Julian",male,,0,0,SC/PARIS 2146,13.8625,1.0
461,0,3,"Klasen, Mrs. (Hulda Kristina Eugenia Lofqvist)",female,36.0,0,2,350405,12.1833,0.0
462,0,2,"Mitchell, Mr. Henry Michael",male,70.0,0,0,C.A. 24580,10.5,0.0
463,0,1,"Stead, Mr. William Thomas",male,62.0,0,0,113514,26.55,0.0
464,0,1,"Rosenshine, Mr. George (Mr George Thorne"")""",male,46.0,0,0,PC 17585,79.2,1.0
465,0,3,"Oreskovic, Mr. Luka",male,20.0,0,0,315094,8.6625,0.0
466,0,3,"Riihivouri, Miss. Susanna Juhantytar Sanni""""",female,22.0,0,0,3101295,39.6875,0.0
467,0,3,"Samaan, Mr. Youssef",male,,2,0,2662,21.6792,1.0
468,0,3,"Lindell, Mrs. Edvard Bengtsson (Elin Gerda Persson)",female,30.0,1,0,349910,15.55,0.0
469,0,1,"Harris, Mr. Henry Birkhardt",male,45.0,1,0,36973,83.475,0.0
470,1,3,"Dean, Mrs. Bertram (Eva Georgetta Light)",female,33.0,1,2,C.A. 2315,20.575,0.0
471,1,2,"Mellinger, Miss. Madeleine Violet",female,13.0,0,1,250644,19.5,0.0
472,0,1,"Borebank, Mr. John James",male,42.0,0,0,110489,26.55,0.0
473,0,3,"Cacic, Miss. Manda",female,21.0,0,0,315087,8.6625,0.0
474,1,2,"Phillips, Miss. Kate Florence (""Mrs Kate Louise Phillips Marshall"")",female,19.0,0,0,250655,26.0,0.0
475,1,1,"Bowen, Miss. Grace Scott",female,45.0,0,0,PC 17608,262.375,1.0
476,0,1,"Rowe, Mr. Alfred G",male,33.0,0,0,113790,26.55,0.0
477,0,3,"Moen, Mr. Sigurd Hansen",male,25.0,0,0,348123,7.65,0.0
478,0,1,"Pears, Mr. Thomas Clinton",male,29.0,1,0,113776,66.6,0.0
479,1,3,"Jansson, Mr. Carl Olof",male,21.0,0,0,350034,7.7958,0.0
480,1,2,"Smith, Miss. Marion Elsie",female,40.0,0,0,31418,13.0,0.0
481,0,1,"Lindeberg-Lind, Mr. Erik Gustaf (Mr Edward Lingrey"")""",male,42.0,0,0,17475,26.55,0.0
482,1,3,"Albimona, Mr. Nassef Cassem",male,26.0,0,0,2699,18.7875,1.0
483,0,3,"Dahlberg, Miss. Gerda Ulrika",female,22.0,0,0,7552,10.5167,0.0
484,0,3,"Moutal, Mr. Rahamin Haim",male,,0,0,374746,8.05,0.0
485,0,3,"Larsson, Mr. August Viktor",male,29.0,0,0,7545,9.4833,0.0
486,0,3,"Sage, Miss. Stella Anna",female,,8,2,CA. 2343,69.55,0.0
487,0,3,"Vander Planke, Mr. Julius",male,31.0,3,0,345763,18.0,0.0
488,0,3,"Larsson-Rondberg, Mr. Edvard A",male,22.0,0,0,347065,7.775,0.0
489,0,1,"Warren, Mr. Frank Manley",male,64.0,1,0,110813,75.25,1.0
490,0,2,"Malachard, Mr. Noel",male,,0,0,237735,15.0458,1.0
491,1,3,"Cohen, Mr. Gurshon ""Gus""",male,18.0,0,0,A/5 3540,8.05,0.0
492,0,3,"Berglund, Mr. Karl Ivar Sven",male,22.0,0,0,PP 4348,9.35,0.0
493,0,3,"Barry, Miss. Julia",female,27.0,0,0,330844,7.8792,2.0
494,1,2,"Ball, Mrs. (Ada E Hall)",female,36.0,0,0,28551,13.0,0.0
495,0,3,"Calic, Mr. Jovo",male,17.0,0,0,315093,8.6625,0.0
496,0,3,"Williams, Mr. Howard Hugh ""Harry""",male,,0,0,A/5 2466,8.05,0.0
497,0,3,"Fleming, Miss. Honora",female,,0,0,364859,7.75,2.0
498,0,2,"Herman, Mr. Samuel",male,49.0,1,2,220845,65.0,0.0
499,0,3,"Jussila, Miss. Mari Aina",female,21.0,1,0,4137,9.825,0.0
500,0,2,"Jarvis, Mr. John Denzil",male,47.0,0,0,237565,15.0,0.0
501,1,1,"Eustis, Miss. Elizabeth Mussey",female,54.0,1,0,36947,78.2667,1.0
502,0,3,"Coelho, Mr. Domingos Fernandeo",male,20.0,0,0,SOTON/O.Q. 3101307,7.05,0.0
503,1,3,"Hakkarainen, Mrs. Pekka Pietari (Elin Matilda Dolck)",female,24.0,1,0,STON/O2. 3101279,15.85,0.0
504,0,2,"Harper, Rev. John",male,28.0,0,1,248727,33.0,0.0
505,0,3,"Holm, Mr. John Fredrik Alexander",male,43.0,0,0,C 7075,6.45,0.0
506,0,2,"Jefferys, Mr. Ernest Wilfred",male,22.0,2,0,C.A. 31029,31.5,0.0
507,0,3,"Khalil, Mrs. Betros (Zahie Maria"" Elias)""",female,,1,0,2660,14.4542,1.0
508,1,1,"Fortune, Miss. Alice Elizabeth",female,24.0,3,2,19950,263.0,0.0
509,1,1,"Kimball, Mr. Edwin Nelson Jr",male,42.0,1,0,11753,52.5542,0.0
510,0,3,"Hakkarainen, Mr. Pekka Pietari",male,28.0,1,0,STON/O2. 3101279,15.85,0.0
511,1,3,"Nysten, Miss. Anna Sofia",female,22.0,0,0,347081,7.75,0.0
512,0,3,"Lahoud, Mr. Sarkis",male,,0,0,2624,7.225,1.0
513,0,3,"Zimmerman, Mr. Leo",male,29.0,0,0,315082,7.875,0.0
514,0,3,"Naughton, Miss. Hannah",female,,0,0,365237,7.75,2.0
515,0,3,"McNamee, Mr. Neal",male,24.0,1,0,376566,16.1,0.0
516,1,3,"Nakid, Mrs. Said (Waika Mary"" Mowad)""",female,19.0,1,1,2653,15.7417,1.0
517,0,2,"Hood, Mr. Ambrose Jr",male,21.0,0,0,S.O.C. 14879,73.5,0.0
518,0,3,"Adahl, Mr. Mauritz Nils Martin",male,30.0,0,0,C 7076,7.25,0.0
519,1,2,"Cook, Mrs. (Selena Rogers)",female,22.0,0,0,W./C. 14266,10.5,0.0
520,0,2,"Knight, Mr. Robert J",male,,0,0,239855,0.0,0.0
521,0,3,"Mitkoff, Mr. Mito",male,,0,0,349221,7.8958,0.0
522,0,3,"Strom, Miss. Telma Matilda",female,2.0,0,1,347054,10.4625,0.0
523,1,2,"Navratil, Master. Michel M",male,3.0,1,1,230080,26.0,0.0
524,0,1,"Graham, Mr. George Edward",male,38.0,0,1,PC 17582,153.4625,0.0
525,0,3,"Nankoff, Mr. Minko",male,,0,0,349218,7.8958,0.0
526,0,1,"Stewart, Mr. Albert A",male,,0,0,PC 17605,27.7208,1.0
527,0,3,"Abbing, Mr. Anthony",male,42.0,0,0,C.A. 5547,7.55,0.0
528,0,1,"Futrelle, Mr. Jacques Heath",male,37.0,1,0,113803,53.1,0.0
529,0,3,"Goodwin, Master. Harold Victor",male,9.0,5,2,CA 2144,46.9,0.0
530,1,1,"Harper, Mrs. Henry Sleeper (Myna Haxtun)",female,49.0,1,0,PC 17572,76.7292,1.0
531,0,3,"Backstrom, Mr. Karl Alfred",male,32.0,1,0,3101278,15.85,0.0
532,0,1,"Franklin, Mr. Thomas Parham",male,,0,0,113778,26.55,0.0
533,1,3,"Hirvonen, Miss. Hildur E",female,2.0,0,1,3101298,12.2875,0.0
534,0,3,"Rice, Master. Eric",male,7.0,4,1,382652,29.125,2.0
535,1,1,"Rothes, the Countess. of (Lucy Noel Martha Dyer-Edwards)",female,33.0,0,0,110152,86.5,0.0
536,0,1,"Foreman, Mr. Benjamin Laventall",male,30.0,0,0,113051,27.75,1.0
537,1,2,"Wells, Miss. Joan",female,4.0,1,1,29103,23.0,0.0
538,1,3,"Moss, Mr. Albert Johan",male,,0,0,312991,7.775,0.0
539,0,1,"Weir, Col. John",male,60.0,0,0,113800,26.55,0.0
540,0,1,"Uruchurtu, Don. Manuel E",male,40.0,0,0,PC 17601,27.7208,1.0
541,1,1,"Bonnell, Miss. Caroline",female,30.0,0,0,36928,164.8667,0.0
542,0,3,"Minkoff, Mr. Lazar",male,21.0,0,0,349211,7.8958,0.0
543,0,3,"Davison, Mr. Thomas Henry",male,,1,0,386525,16.1,0.0
544,0,3,"Wiklund, Mr. Jakob Alfred",male,18.0,1,0,3101267,6.4958,0.0
545,1,1,"Oliva y Ocana, Dona. Fermina",female,39.0,0,0,PC 17758,108.9,1.0
546,0,3,"Goncalves, Mr. Manuel Estanslas",male,38.0,0,0,SOTON/O.Q. 3101306,7.05,0.0
547,1,2,"Christy, Mrs. (Alice Frances)",female,45.0,0,2,237789,30.0,0.0
548,0,3,"Conlon, Mr. Thomas Henry",male,31.0,0,0,21332,7.7333,2.0
549,0,2,"Clarke, Mr. Charles Valentine",male,29.0,1,0,2003,26.0,0.0
550,1,2,"Brown, Mrs. Thomas William Solomon (Elizabeth Catherine Ford)",female,40.0,1,1,29750,39.0,0.0
551,1,3,"Krekorian, Mr. Neshan",male,25.0,0,0,2654,7.2292,1.0
552,0,3,"Klasen, Mr. Klas Albin",male,18.0,1,1,350404,7.8542,0.0
553,0,2,"Otter, Mr. Richard",male,39.0,0,0,28213,13.0,0.0
554,0,3,"Panula, Master. Eino Viljami",male,1.0,4,1,3101295,39.6875,0.0
555,0,3,"Sage, Master. William Henry",male,14.5,8,2,CA. 2343,69.55,0.0
556,0,3,"Boulos, Miss. Nourelain",female,9.0,1,1,2678,15.2458,1.0
557,1,1,"Cornell, Mrs. Robert Clifford (Malvina Helen Lamson)",female,55.0,2,0,11770,25.7,0.0
558,1,3,"McCarthy, Miss. Catherine Katie""""",female,,0,0,383123,7.75,2.0
559,0,3,"Saether, Mr. Simon Sivertsen",male,38.5,0,0,SOTON/O.Q. 3101262,7.25,0.0
560,0,2,"Corey, Mrs. Percy C (Mary Phyllis Elizabeth Miller)",female,,0,0,F.C.C. 13534,21.0,0.0
561,1,1,"Kimball, Mrs. Edwin Nelson Jr (Gertrude Parsons)",female,45.0,1,0,11753,52.5542,0.0
562,1,1,"Ryerson, Miss. Emily Borie",female,18.0,2,2,PC 17608,262.375,1.0
563,0,3,"McMahon, Mr. Martin",male,,0,0,370372,7.75,2.0
564,1,1,"Spedden, Mrs. Frederic Oakley (Margaretta Corning Stone)",female,40.0,1,1,16966,134.5,1.0
565,0,3,"Nilsson, Mr. August Ferdinand",male,21.0,0,0,350410,7.8542,0.0
566,0,3,"Kassem, Mr. Fared",male,,0,0,2700,7.2292,1.0
567,1,2,"Wilhelms, Mr. Charles",male,31.0,0,0,244270,13.0,0.0
568,1,1,"Longley, Miss. Gretchen Fiske",female,21.0,0,0,13502,77.9583,0.0
569,1,1,"Barkworth, Mr. Algernon Henry Wilson",male,80.0,0,0,27042,30.0,0.0
570,1,3,"Roth, Miss. Sarah A",female,,0,0,342712,8.05,0.0
571,0,3,"Duane, Mr. Frank",male,65.0,0,0,336439,7.75,2.0
572,0,1,"Kenyon, Mr. Frederick R",male,41.0,1,0,17464,51.8625,0.0
573,0,3,"Nasr, Mr. Mustafa",male,,0,0,2652,7.2292,1.0
574,1,1,"Frolicher-Stehli, Mrs. Maxmillian (Margaretha Emerentia Stehli)",female,48.0,1,1,13567,79.2,1.0
575,0,3,"Peters, Miss. Katie",female,,0,0,330935,8.1375,2.0
576,0,3,"Beavan, Mr. William Thomas",male,19.0,0,0,323951,8.05,0.0
577,0,3,"Saad, Mr. Khalil",male,25.0,0,0,2672,7.225,1.0
578,0,3,"Panula, Master. Urho Abraham",male,2.0,4,1,3101295,39.6875,0.0
579,1,2,"Herman, Miss. Alice",female,24.0,1,2,220845,65.0,0.0
580,0,3,"Assam, Mr. Ali",male,23.0,0,0,SOTON/O.Q. 3101309,7.05,0.0
581,0,1,"Minahan, Dr. William Edward",male,44.0,2,0,19928,90.0,2.0
582,0,3,"Jensen, Mr. Niels Peder",male,48.0,0,0,350047,7.8542,0.0
583,0,3,"Paulner, Mr. Uscher",male,,0,0,3411,8.7125,1.0
584,0,3,"Gustafsson, Mr. Alfred Ossian",male,20.0,0,0,7534,9.8458,0.0
585,0,3,"Samaan, Mr. Hanna",male,,2,0,2662,21.6792,1.0
586,0,1,"Smith, Mr. Richard William",male,,0,0,113056,26.0,0.0
587,0,3,"Skoog, Mrs. William (Anna Bernhardina Karlsson)",female,45.0,1,4,347088,27.9,0.0
588,1,2,"Toomey, Miss. Ellen",female,50.0,0,0,F.C.C. 13531,10.5,0.0
589,1,3,"Stranden, Mr. Juho",male,31.0,0,0,STON/O 2. 3101288,7.925,0.0
590,0,3,"Wiklund, Mr. Karl Johan",male,21.0,1,0,3101266,6.4958,0.0
591,0,3,"Pearce, Mr. Ernest",male,,0,0,343271,7.0,0.0
592,0,3,"O'Donoghue, Ms. Bridget",female,,0,0,364856,7.75,2.0
593,0,3,"Vanden Steen, Mr. Leo Peter",male,28.0,0,0,345783,9.5,0.0
594,0,2,"Baimbrigge, Mr. Charles Robert",male,23.0,0,0,C.A. 31030,10.5,0.0
595,0,3,"Foley, Mr. Joseph",male,26.0,0,0,330910,7.8792,2.0
596,0,2,"Leyson, Mr. Robert William Norman",male,24.0,0,0,C.A. 29566,10.5,0.0
597,0,3,"Johansson, Mr. Nils",male,29.0,0,0,347467,7.8542,0.0
598,0,1,"Millet, Mr. Francis Davis",male,65.0,0,0,13509,26.55,0.0
599,0,3,"Gustafsson, Mr. Anders Vilhelm",male,37.0,2,0,3101276,7.925,0.0
600,1,1,"Snyder, Mr. John Pillsbury",male,24.0,1,0,21228,82.2667,0.0
601,0,3,"Thomas, Mr. Charles P",male,,1,0,2621,6.4375,1.0
602,1,3,"Mulvihill, Miss. Bertha E",female,24.0,0,0,382653,7.75,2.0
603,0,3,"Hassan, Mr. Houssein G N",male,11.0,0,0,2699,18.7875,1.0
604,1,3,"Asplund, Mrs. Carl Oscar (Selma Augusta Emilia Johansson)",female,38.0,1,5,347077,31.3875,0.0
605,0,3,"Warren, Mr. Charles William",male,,0,0,C.A. 49867,7.55,0.0
606,1,1,"Harris, Mrs. Henry Birkhardt (Irene Wallach)",female,35.0,1,0,36973,83.475,0.0
607,1,1,"Seward, Mr. Frederic Kimber",male,34.0,0,0,113794,26.55,0.0
608,0,2,"Richard, Mr. Emile",male,23.0,0,0,SC/PARIS 2133,15.0458,1.0
609,1,3,"Mannion, Miss. Margareth",female,,0,0,36866,7.7375,2.0
610,1,3,"Niskanen, Mr. Juha",male,39.0,0,0,STON/O 2. 3101289,7.925,0.0
611,0,3,"Mernagh, Mr. Robert",male,,0,0,368703,7.75,2.0
612,1,3,"Tornquist, Mr. William Henry",male,25.0,0,0,LINE,0.0,0.0
613,0,3,"Lam, Mr. Len",male,,0,0,1601,56.4958,0.0
614,1,3,"Murphy, Miss. Nora",female,,0,0,36568,15.5,2.0
615,1,1,"Swift, Mrs. Frederick Joel (Margaret Welles Barron)",female,48.0,0,0,17466,25.9292,0.0
616,1,3,"Wilkes, Mrs. James (Ellen Needs)",female,47.0,1,0,363272,7.0,0.0
617,1,1,"Crosby, Mrs. Edward Gifford (Catherine Elizabeth Halstead)",female,64.0,1,1,112901,26.55,0.0
618,1,2,"Angle, Mrs. William A (Florence ""Mary"" Agnes Hughes)",female,36.0,1,0,226875,26.0,0.0
619,0,3,"Johnston, Mrs. Andrew G (Elizabeth Lily"" Watson)""",female,,1,2,W./C. 6607,23.45,0.0
620,1,2,"Hamalainen, Master. Viljo",male,0.67,1,1,250649,14.5,0.0
621,0,1,"Fry, Mr. Richard",male,,0,0,112058,0.0,0.0
622,0,2,"Giles, Mr. Ralph",male,24.0,0,0,248726,13.5,0.0
623,0,3,"Palsson, Miss. Torborg Danira",female,8.0,3,1,349909,21.075,0.0
624,1,1,"Cassebeer, Mrs. Henry Arthur Jr (Eleanor Genevieve Fosdick)",female,,0,0,17770,27.7208,1.0
625,0,3,"Ford, Mr. Edward Watson",male,18.0,2,2,W./C. 6608,34.375,0.0
626,1,2,"Laroche, Miss. Louise",female,1.0,1,2,SC/Paris 2123,41.5792,1.0
627,0,3,"Lievens, Mr. Rene Aime",male,24.0,0,0,345781,9.5,0.0
628,0,1,"Parr, Mr. William Henry Marsh",male,,0,0,112052,0.0,0.0
629,1,1,"Meyer, Mrs. Edgar Joseph (Leila Saks)",female,,1,0,PC 17604,82.1708,1.0
630,0,3,"Carlsson, Mr. August Sigfrid",male,28.0,0,0,350042,7.7958,0.0
631,1,3,"Ryan, Mr. Edward",male,,0,0,383162,7.75,2.0
632,0,2,"Ware, Mr. William Jeffery",male,23.0,1,0,28666,10.5,0.0
633,0,2,"Keane, Mr. Daniel",male,35.0,0,0,233734,12.35,2.0
634,0,1,"Crafton, Mr. John Bertram",male,,0,0,113791,26.55,0.0
635,1,1,"Appleton, Mrs. Edward Dale (Charlotte Lamson)",female,53.0,2,0,11769,51.4792,0.0
636,0,3,"Kraeff, Mr. Theodor",male,,0,0,349253,7.8958,1.0
637,1,1,"Salomon, Mr. Abraham L",male,,0,0,111163,26.0,0.0
638,1,1,"Hawksford, Mr. Walter James",male,,0,0,16988,30.0,0.0
639,1,1,"Ryerson, Miss. Susan Parker ""Suzette""",female,21.0,2,2,PC 17608,262.375,1.0
640,1,2,"Jacobsohn, Mrs. Sidney Samuel (Amy Frances Christy)",female,24.0,2,1,243847,27.0,0.0
641,0,3,"Laleff, Mr. Kristo",male,,0,0,349217,7.8958,0.0
642,0,2,"Rogers, Mr. Reginald Harry",male,19.0,0,0,28004,10.5,0.0
643,1,1,"Duff Gordon, Sir. Cosmo Edmund (""Mr Morgan"")",male,49.0,1,0,PC 17485,56.9292,1.0
644,0,2,"Banfield, Mr. Frederick James",male,28.0,0,0,C.A./SOTON 34068,10.5,0.0
645,0,3,"Zabour, Miss. Hileni",female,14.5,1,0,2665,14.4542,1.0
646,0,2,"Lingane, Mr. John",male,61.0,0,0,235509,12.35,2.0
647,1,3,"Abelseth, Miss. Karen Marie",female,16.0,0,0,348125,7.65,0.0
648,0,3,"Angheloff, Mr. Minko",male,26.0,0,0,349202,7.8958,0.0
649,0,3,"Oreskovic, Miss. Jelka",female,23.0,0,0,315085,8.6625,0.0
650,0,3,"Rosblom, Mr. Viktor Richard",male,18.0,1,1,370129,20.2125,0.0
651,0,3,"Tomlin, Mr. Ernest Portage",male,30.5,0,0,364499,8.05,0.0
652,0,3,"Andersson, Miss. Ellis Anna Maria",female,2.0,4,2,347082,31.275,0.0
653,0,3,"Cor, Mr. Liudevit",male,19.0,0,0,349231,7.8958,0.0
654,0,2,"Berriman, Mr. William John",male,23.0,0,0,28425,13.0,0.0
655,0,3,"Vande Walle, Mr. Nestor Cyriel",male,28.0,0,0,345770,9.5,0.0
656,1,3,"Kelly, Miss. Anna Katherine ""Annie Kate""",female,,0,0,9234,7.75,2.0
657,0,3,"Sage, Miss. Ada",female,,8,2,CA. 2343,69.55,0.0
658,0,3,"Karaic, Mr. Milan",male,30.0,0,0,349246,7.8958,0.0
659,1,1,"Fleming, Miss. Margaret",female,,0,0,17421,110.8833,1.0
660,1,3,"Jalsevac, Mr. Ivan",male,29.0,0,0,349240,7.8958,1.0
661,0,3,"Storey, Mr. Thomas",male,60.5,0,0,3701,,0.0
662,0,3,"O'Connell, Mr. Patrick D",male,,0,0,334912,7.7333,2.0
663,0,3,"Svensson, Mr. Olof",male,24.0,0,0,350035,7.7958,0.0
664,0,3,"Ford, Mr. Arthur",male,,0,0,A/5 1478,8.05,0.0
665,1,3,"Turja, Miss. Anna Sofia",female,18.0,0,0,4138,9.8417,0.0
666,0,3,"Moore, Mr. Leonard Charles",male,,0,0,A4. 54510,8.05,0.0
667,1,2,"Phillips, Miss. Alice Frances Louisa",female,21.0,0,1,S.O./P.P. 2,21.0,0.0
668,0,3,"Chronopoulos, Mr. Demetrios",male,18.0,1,0,2680,14.4542,1.0
669,0,3,"Risien, Mrs. Samuel (Emma)",female,,0,0,364498,14.5,0.0
670,0,1,"Carrau, Mr. Francisco M",male,28.0,0,0,113059,47.1,0.0
671,0,3,"Goodwin, Mr. Charles Frederick",male,40.0,1,6,CA 2144,46.9,0.0
672,0,1,"Natsch, Mr. Charles H",male,37.0,0,1,PC 17596,29.7,1.0
673,0,1,"Cairns, Mr. Alexander",male,,0,0,113798,31.0,0.0
674,1,3,"Hellstrom, Miss. Hilda Maria",female,22.0,0,0,7548,8.9625,0.0
675,0,3,"Lindahl, Miss. Agda Thorilda Viktoria",female,25.0,0,0,347071,7.775,0.0
676,1,2,"Williams, Mr. Charles Eugene",male,,0,0,244373,13.0,0.0
677,0,3,"Rintamaki, Mr. Matti",male,35.0,0,0,STON/O 2. 3101273,7.125,0.0
678,1,1,"Hoyt, Mr. Frederick Maxfield",male,38.0,1,0,19943,90.0,0.0
679,1,3,"Dorking, Mr. Edward Arthur",male,19.0,0,0,A/5. 10482,8.05,0.0
680,0,3,"Jardin, Mr. Jose Neto",male,,0,0,SOTON/O.Q. 3101305,7.05,0.0
681,1,1,"Williams, Mr. Richard Norris II",male,21.0,0,1,PC 17597,61.3792,1.0
682,0,3,"Adams, Mr. John",male,26.0,0,0,341826,8.05,0.0
683,1,1,"Gibson, Mrs. Leonard (Pauline C Boeson)",female,45.0,0,1,112378,59.4,1.0
684,0,2,"Givard, Mr. Hans Kristensen",male,30.0,0,0,250646,13.0,0.0
685,0,3,"Lemberopolous, Mr. Peter L",male,34.5,0,0,2683,6.4375,1.0
686,1,2,"Pallas y Castello, Mr. Emilio",male,29.0,0,0,SC/PARIS 2147,13.8583,1.0
687,0,1,"Blackwell, Mr. Stephen Weart",male,45.0,0,0,113784,35.5,0.0
688,1,3,"Smyth, Miss. Julia",female,,0,0,335432,7.7333,2.0
689,0,3,"Asplund, Mr. Carl Oscar Vilhelm Gustafsson",male,40.0,1,5,347077,31.3875,0.0
690,0,3,"Osen, Mr. Olaf Elon",male,16.0,0,0,7534,9.2167,0.0
691,0,3,"Reynolds, Mr. Harold J",male,21.0,0,0,342684,8.05,0.0
692,0,1,"Allison, Mr. Hudson Joshua Creighton",male,30.0,1,2,113781,151.55,0.0
693,1,2,"Quick, Mrs. Frederick Charles (Jane Richards)",female,33.0,0,2,26360,26.0,0.0
694,1,2,"Becker, Master. Richard F",male,1.0,2,1,230136,39.0,0.0
695,1,2,"Buss, Miss. Kate",female,36.0,0,0,27849,13.0,0.0
696,0,3,"Davies, Mr. Evan",male,22.0,0,0,SC/A4 23568,8.05,0.0
697,1,1,"Hays, Miss. Margaret Bechstein",female,24.0,0,0,11767,83.1583,1.0
698,0,1,"Hays, Mr. Charles Melville",male,55.0,1,1,12749,93.5,0.0
699,1,3,"Karun, Miss. Manca",female,4.0,0,1,349256,13.4167,1.0
700,1,3,"Hedman, Mr. Oskar Arvid",male,27.0,0,0,347089,6.975,0.0
701,1,2,"Renouf, Mrs. Peter Henry (Lillian Jefferys)",female,30.0,3,0,31027,21.0,0.0
702,0,2,"Schmidt, Mr. August",male,26.0,0,0,248659,13.0,0.0
703,0,3,"Peduzzi, Mr. Joseph",male,,0,0,A/5 2817,8.05,0.0
704,0,3,"Elias, Mr. Dibo",male,,0,0,2674,7.225,1.0
705,0,3,"Andersson, Mr. Johan Samuel",male,26.0,0,0,347075,7.775,0.0
706,1,1,"Harder, Mr. George Achilles",male,25.0,1,0,11765,55.4417,1.0
707,0,3,"Oreskovic, Miss. Marija",female,20.0,0,0,315096,8.6625,0.0
708,1,1,"Dodge, Dr. Washington",male,53.0,1,1,33638,81.8583,0.0
709,1,1,"Stengel, Mr. Charles Emil Henry",male,54.0,1,0,11778,55.4417,1.0
710,0,3,"Saad, Mr. Amin",male,,0,0,2671,7.2292,1.0
711,1,1,"Ostby, Miss. Helene Ragnhild",female,22.0,0,1,113509,61.9792,1.0
712,0,3,"Charters, Mr. David",male,21.0,0,0,A/5. 13032,7.7333,2.0
713,0,3,"Risien, Mr. Samuel Beard",male,,0,0,364498,14.5,0.0
714,0,1,"Guggenheim, Mr. Benjamin",male,46.0,0,0,PC 17593,79.2,1.0
715,1,1,"Rheims, Mr. George Alexander Lucien",male,,0,0,PC 17607,39.6,0.0
716,0,2,"Gilbert, Mr. William",male,47.0,0,0,C.A. 30769,10.5,0.0
717,1,1,"Chevre, Mr. Paul Romaine",male,45.0,0,0,PC 17594,29.7,1.0
718,1,3,"Aks, Master. Philip Frank",male,0.83,0,1,392091,9.35,0.0
719,0,3,"Colbert, Mr. Patrick",male,24.0,0,0,371109,7.25,2.0
720,0,2,"Matthews, Mr. William John",male,30.0,0,0,28228,13.0,0.0
721,1,1,"Thayer, Mrs. John Borland (Marian Longstreth Morris)",female,39.0,1,1,17421,110.8833,1.0
722,1,3,"Daly, Mr. Eugene Patrick",male,29.0,0,0,382651,7.75,2.0
723,1,2,"Becker, Miss. Marion Louise",female,4.0,2,1,230136,39.0,0.0
724,1,3,"Moussa, Mrs. (Mantoura Boulos)",female,,0,0,2626,7.2292,1.0
725,1,1,"Holverson, Mrs. Alexander Oskar (Mary Aline Towner)",female,35.0,1,0,113789,52.0,0.0
726,1,3,"Salkjelsvik, Miss. Anna Kristine",female,21.0,0,0,343120,7.65,0.0
727,1,3,"Kink-Heilmann, Mr. Anton",male,29.0,3,1,315153,22.025,0.0
728,0,3,"Lundahl, Mr. Johan Svensson",male,51.0,0,0,347743,7.0542,0.0
729,1,3,"Peter, Miss. Anna",female,,1,1,2668,22.3583,1.0
730,1,1,"Stahelin-Maeglin, Dr. Max",male,32.0,0,0,13214,30.5,1.0
731,0,3,"Karlsson, Mr. Julius Konrad Eugen",male,33.0,0,0,347465,7.8542,0.0
732,1,1,"Bidois, Miss. Rosalie",female,42.0,0,0,PC 17757,227.525,1.0
733,1,2,"Brown, Miss. Amelia ""Mildred""",female,24.0,0,0,248733,13.0,0.0
734,0,1,"Hoyt, Mr. William Fisher",male,,0,0,PC 17600,30.6958,1.0
735,1,1,"Andrews, Miss. Kornelia Theodosia",female,63.0,1,0,13502,77.9583,0.0
736,1,1,"Thayer, Mr. John Borland Jr",male,17.0,0,2,17421,110.8833,1.0
737,1,3,"McGovern, Miss. Mary",female,,0,0,330931,7.8792,2.0
738,0,2,"Enander, Mr. Ingvar",male,21.0,0,0,236854,13.0,0.0
739,1,1,"Ismay, Mr. Joseph Bruce",male,49.0,0,0,112058,0.0,0.0
740,1,3,"Leeni, Mr. Fahim (""Philip Zenni"")",male,22.0,0,0,2620,7.225,1.0
741,0,3,"Allum, Mr. Owen George",male,18.0,0,0,2223,8.3,0.0
742,1,1,"Endres, Miss. Caroline Louise",female,38.0,0,0,PC 17757,227.525,1.0
743,0,3,"Andersson, Master. Sigvard Harald Elias",male,4.0,4,2,347082,31.275,0.0
744,1,2,"Hewlett, Mrs. (Mary D Kingcome) ",female,55.0,0,0,248706,16.0,0.0
745,1,1,"Beckwith, Mr. Richard Leonard",male,37.0,1,1,11751,52.5542,0.0
746,1,1,"Cleaver, Miss. Alice",female,22.0,0,0,113781,151.55,0.0
747,0,3,"Pokrnic, Mr. Mate",male,17.0,0,0,315095,8.6625,0.0
748,1,3,"Hansen, Mrs. Claus Peter (Jennie L Howard)",female,45.0,1,0,350026,14.1083,0.0
749,0,1,"Gee, Mr. Arthur H",male,47.0,0,0,111320,38.5,0.0
750,0,3,"van Billiard, Mr. Austin Blyler",male,40.5,0,2,A/5. 851,14.5,0.0
751,0,1,"Dulles, Mr. William Crothers",male,39.0,0,0,PC 17580,29.7,1.0
752,0,3,"Goodwin, Miss. Lillian Amy",female,16.0,5,2,CA 2144,46.9,0.0
753,1,1,"Hogeboom, Mrs. John C (Anna Andrews)",female,51.0,1,0,13502,77.9583,0.0
754,1,1,"Wick, Miss. Mary Natalie",female,31.0,0,2,36928,164.8667,0.0
755,1,1,"Brown, Mrs. James Joseph (Margaret Tobin)",female,44.0,0,0,PC 17610,27.7208,1.0
756,0,2,"Botsford, Mr. William Hull",male,26.0,0,0,237670,13.0,0.0
757,0,3,"Elsbury, Mr. William James",male,47.0,0,0,A/5 3902,7.25,0.0
758,0,3,"Sirota, Mr. Maurice",male,,0,0,392092,8.05,0.0
759,0,2,"Reeves, Mr. David",male,36.0,0,0,C.A. 17248,10.5,0.0
760,0,3,"Strandberg, Miss. Ida Sofia",female,22.0,0,0,7553,9.8375,0.0
761,1,3,"Sundman, Mr. Johan Julian",male,44.0,0,0,STON/O 2. 3101269,7.925,0.0
762,0,3,"Dakic, Mr. Branko",male,19.0,0,0,349228,10.1708,0.0
763,0,3,"Demetri, Mr. Marinko",male,,0,0,349238,7.8958,0.0
764,0,3,"Slabenoff, Mr. Petco",male,,0,0,349214,7.8958,0.0
765,0,3,"Delalic, Mr. Redjo",male,25.0,0,0,349250,7.8958,0.0
766,0,3,"Jensen, Mr. Svend Lauritz",male,17.0,1,0,350048,7.0542,0.0
767,1,3,"Dowdell, Miss. Elizabeth",female,30.0,0,0,364516,12.475,0.0
768,0,3,"Rekic, Mr. Tido",male,38.0,0,0,349249,7.8958,0.0
769,0,3,"Morrow, Mr. Thomas Rowan",male,,0,0,372622,7.75,2.0
770,0,3,"Stanley, Mr. Edward Roland",male,21.0,0,0,A/4 45380,8.05,0.0
771,1,2,"Brown, Miss. Edith Eileen",female,15.0,0,2,29750,39.0,0.0
772,1,2,"Oxenham, Mr. Percy Thomas",male,22.0,0,0,W./C. 14260,10.5,0.0
773,1,2,"Mallet, Mrs. Albert (Antoinette Magnin)",female,24.0,1,1,S.C./PARIS 2079,37.0042,1.0
774,0,1,"Clark, Mr. Walter Miller",male,27.0,1,0,13508,136.7792,1.0
775,0,3,"Gallagher, Mr. Martin",male,25.0,0,0,36864,7.7417,2.0
776,0,3,"Birkeland, Mr. Hans Martin Monsen",male,21.0,0,0,312992,7.775,0.0
777,1,2,"Collyer, Mrs. Harvey (Charlotte Annie Tate)",female,31.0,1,1,C.A. 31921,26.25,0.0
778,0,3,"Svensson, Mr. Johan",male,74.0,0,0,347060,7.775,0.0
779,1,2,"Shelley, Mrs. William (Imanita Parrish Hall)",female,25.0,0,1,230433,26.0,0.0
780,0,3,"Olsen, Mr. Karl Siegwart Andreas",male,42.0,0,1,4579,8.4042,0.0
781,0,3,"Coxon, Mr. Daniel",male,59.0,0,0,364500,7.25,0.0
782,0,3,"Keefe, Mr. Arthur",male,,0,0,323592,7.25,0.0
783,0,1,"Rood, Mr. Hugh Roscoe",male,,0,0,113767,50.0,0.0
784,0,3,"Dimic, Mr. Jovan",male,42.0,0,0,315088,8.6625,0.0
785,0,3,"Rice, Master. Albert",male,10.0,4,1,382652,29.125,2.0
786,0,3,"Rice, Master. Arthur",male,4.0,4,1,382652,29.125,2.0
787,0,3,"Gustafsson, Mr. Karl Gideon",male,19.0,0,0,347069,7.775,0.0
788,0,3,"Slocovski, Mr. Selman Francis",male,,0,0,SOTON/OQ 392086,8.05,0.0
789,1,1,"Leader, Dr. Alice (Farnham)",female,49.0,0,0,17465,25.9292,0.0
790,1,3,"Baclini, Miss. Eugenie",female,0.75,2,1,2666,19.2583,1.0
791,0,3,"Cacic, Mr. Luka",male,38.0,0,0,315089,8.6625,0.0
792,0,3,"Nancarrow, Mr. William Henry",male,33.0,0,0,A./5. 3338,8.05,0.0
793,1,2,"Faunthorpe, Mrs. Lizzie (Elizabeth Anne Wilkinson)",female,29.0,1,0,2926,26.0,0.0
794,1,1,"Maioni, Miss. Roberta",female,16.0,0,0,110152,86.5,0.0
795,0,3,"Sage, Mr. Frederick",male,,8,2,CA. 2343,69.55,0.0
796,1,3,"Abbott, Mrs. Stanton (Rosa Hunt)",female,35.0,1,1,C.A. 2673,20.25,0.0
797,0,2,"Hunt, Mr. George Henry",male,33.0,0,0,SCO/W 1585,12.275,0.0
798,0,3,"Goodwin, Mr. Charles Edward",male,14.0,5,2,CA 2144,46.9,0.0
799,1,1,"Silverthorne, Mr. Spencer Victor",male,35.0,0,0,PC 17475,26.2875,0.0
800,1,1,"Lindstrom, Mrs. Carl Johan (Sigrid Posse)",female,55.0,0,0,112377,27.7208,1.0
801,0,3,"Petroff, Mr. Nedelio",male,19.0,0,0,349212,7.8958,0.0
802,0,3,"Braf, Miss. Elin Ester Maria",female,20.0,0,0,347471,7.8542,0.0
803,0,3,"Vander Cruyssen, Mr. Victor",male,47.0,0,0,345765,9.0,0.0
804,0,3,"Kelly, Mr. James",male,44.0,0,0,363592,8.05,0.0
805,1,2,"Caldwell, Master. Alden Gates",male,0.83,0,2,248738,29.0,0.0
806,1,3,"Baclini, Miss. Marie Catherine",female,5.0,2,1,2666,19.2583,1.0
807,0,1,"Ostby, Mr. Engelhart Cornelius",male,65.0,0,1,113509,61.9792,1.0
808,1,3,"McCoy, Mr. Bernard",male,,2,0,367226,23.25,2.0
809,0,3,"Jonsson, Mr. Nils Hilding",male,27.0,0,0,350408,7.8542,0.0
810,1,3,"Whabee, Mrs. George Joseph (Shawneene Abi-Saab)",female,38.0,0,0,2688,7.2292,1.0
811,0,2,"Sedgwick, Mr. Charles Frederick Waddington",male,25.0,0,0,244361,13.0,0.0
812,1,2,"Webber, Miss. Susan",female,32.5,0,0,27267,13.0,0.0
813,0,2,"de Brito, Mr. Jose Joaquim",male,32.0,0,0,244360,13.0,0.0
814,0,2,"Gale, Mr. Shadrach",male,34.0,1,0,28664,21.0,0.0
815,0,2,"Andrew, Mr. Frank Thomas",male,25.0,0,0,C.A. 34050,10.5,0.0
816,0,3,"McNamee, Mrs. Neal (Eileen O'Leary)",female,19.0,1,0,376566,16.1,0.0
817,0,3,"Lefebre, Miss. Jeannie",female,,3,1,4133,25.4667,0.0
818,0,3,"Arnold-Franchi, Mr. Josef",male,25.0,1,0,349237,17.8,0.0
819,1,1,"Warren, Mrs. Frank Manley (Anna Sophia Atkinson)",female,60.0,1,0,110813,75.25,1.0
820,1,3,"Assaf Khalil, Mrs. Mariana (Miriam"")""",female,45.0,0,0,2696,7.225,1.0
821,0,1,"Butt, Major. Archibald Willingham",male,45.0,0,0,113050,26.55,0.0
822,0,1,"Douglas, Mr. Walter Donald",male,50.0,1,0,PC 17761,106.425,1.0
823,1,1,"Frauenthal, Mr. Isaac Gerald",male,43.0,1,0,17765,27.7208,1.0
824,1,3,"Carr, Miss. Helen ""Ellen""",female,16.0,0,0,367231,7.75,2.0
825,0,3,"Ware, Mr. Frederick",male,,0,0,359309,8.05,0.0
826,1,1,"Omont, Mr. Alfred Fernand",male,,0,0,F.C. 12998,25.7417,1.0
827,0,3,"Rommetvedt, Mr. Knud Paust",male,,0,0,312993,7.775,0.0
828,1,3,"O'Keefe, Mr. Patrick",male,,0,0,368402,7.75,2.0
829,1,2,"Duran y More, Miss. Asuncion",female,27.0,1,0,SC/PARIS 2149,13.8583,1.0
830,0,2,"Coleridge, Mr. Reginald Charles",male,29.0,0,0,W./C. 14263,10.5,0.0
831,0,3,"Danbom, Mr. Ernst Gilbert",male,34.0,1,1,347080,14.4,0.0
832,0,2,"Cunningham, Mr. Alfred Fleming",male,,0,0,239853,0.0,0.0
833,1,2,"Keane, Miss. Nora A",female,,0,0,226593,12.35,2.0
834,0,3,"Goodwin, Miss. Jessie Allis",female,10.0,5,2,CA 2144,46.9,0.0
835,0,2,"Mack, Mrs. (Mary)",female,57.0,0,0,S.O./P.P. 3,10.5,0.0
836,0,3,"Bostandyeff, Mr. Guentcho",male,26.0,0,0,349224,7.8958,0.0
837,0,3,"Balkic, Mr. Cerin",male,26.0,0,0,349248,7.8958,0.0
838,1,2,"Caldwell, Mrs. Albert Francis (Sylvia Mae Harbaugh)",female,22.0,1,1,248738,29.0,0.0
839,0,3,"Ford, Mrs. Edward (Margaret Ann Watson)",female,48.0,1,3,W./C. 6608,34.375,0.0
840,0,3,"Pedersen, Mr. Olaf",male,,0,0,345498,7.775,0.0
841,1,1,"Harper, Mr. Henry Sleeper",male,48.0,1,0,PC 17572,76.7292,1.0
842,1,3,"Mamee, Mr. Hanna",male,,0,0,2677,7.2292,1.0
843,1,3,"Mullens, Miss. Katherine ""Katie""",female,,0,0,35852,7.7333,2.0
844,1,2,"Nourney, Mr. Alfred (Baron von Drachstedt"")""",male,20.0,0,0,SC/PARIS 2166,13.8625,1.0
845,0,3,"Hansen, Mr. Claus Peter",male,41.0,2,0,350026,14.1083,0.0
846,1,2,"Ware, Mrs. John James (Florence Louise Long)",female,31.0,0,0,CA 31352,21.0,0.0
847,0,3,"Lindell, Mr. Edvard Bengtsson",male,36.0,1,0,349910,15.55,0.0
848,0,3,"Celotti, Mr. Francesco",male,24.0,0,0,343275,8.05,0.0
849,1,1,"Dick, Mrs. Albert Adrian (Vera Gillespie)",female,17.0,1,0,17474,57.0,0.0
850,0,3,"Aronsson, Mr. Ernst Axel Algot",male,24.0,0,0,349911,7.775,0.0
